3e79caef-c79f-41b2-936d-b59603f131d9,Juans,2021-04-27
f0e15d45-bafd-4da1-8ad4-0585738afe89,Juans,2021-04-27
2d332494-c85e-471f-a8c4-eee735eaa320,Juans,2021-04-27
7a92763b-4e4c-4cda-8ed3-5bd4dd233307,Juans,2021-04-27
7e2d96ed-58a8-49e7-bb72-d495c89e2a63,Juans,2021-04-27
231cdcfe-428b-4d66-a035-7f1d8e3bfa75,Juans,2021-04-27
b253986b-b567-4891-8ebc-2d528678c390,Juans,2021-04-27
2532c8cd-922b-4709-ba31-5d965bc88612,Juans,2021-04-27
91d61b8b-b9cc-4a74-b0d2-b4212a839cb8,Juans,2021-04-27
40f7133a-478d-4aee-849a-3301b038ff10,Juans,2021-04-27
